<?xml version="1.0" encoding="UTF-8"?>
<beans xmlns="http://www.springframework.org/schema/beans"
	xmlns:context="http://www.springframework.org/schema/context"
	xmlns:p="http://www.springframework.org/schema/p"
	xmlns:tx="http://www.springframework.org/schema/tx"
	xmlns:xsi="http://www.w3.org/2001/XMLSchema-instance"
	xmlns:cache="http://www.springframework.org/schema/cache"
	xsi:schemaLocation="http://www.springframework.org/schema/beans http://www.springframework.org/schema/beans/spring-beans-4.0.xsd
		http://www.springframework.org/schema/util http://www.springframework.org/schema/util/spring-util-4.0.xsd
		http://www.springframework.org/schema/cache http://www.springframework.org/schema/cache/spring-cache-4.2.xsd
		http://www.springframework.org/schema/tx http://www.springframework.org/schema/tx/spring-tx-4.0.xsd
		http://www.springframework.org/schema/context http://www.springframework.org/schema/context/spring-context-4.0.xsd">
	
	<!-- Spring提供的基于的Ehcache实现的缓存管理器 -->
	<description>ehCache Configuration</description>
	
	<!-- 缓存配置 -->  
	<!-- cache注解，和spring-ehcache.xml中的只能使用一个 -->
	<cache:annotation-driven cache-manager="cacheManager" proxy-target-class="true" />
	
	<!-- ehCache 配置管理器 -->
	<bean id="cacheManager" class="org.springframework.cache.ehcache.EhCacheCacheManager">  
        <property name="cacheManager" ref="ehcache"></property>  
    </bean>  
    
    <!-- ehCache 操作对象 -->
    <bean id="ehcache" class="org.springframework.cache.ehcache.EhCacheManagerFactoryBean">  
        <property name="configLocation" value="classpath:config/ehcache.xml"></property>  
    </bean>  

</beans>