<?xml version="1.0" encoding="UTF-8"?>
<Configuration status="off">
	<Appenders>
		<Console name="Console" target="SYSTEM_OUT">
			<PatternLayout
				pattern="%date{yyyy-MM-dd HH:mm:ss.SSS} [%file] [%thread] %n%level : %msg%n" />
		</Console>
	</Appenders>
	<Loggers>

		<!-- 减少部分debug日志 -->
		<logger name="druid.sql" level="INFO" />
		<logger name="org.apache.shiro" level="INFO" />
		<logger name="org.mybatis.spring" level="INFO" />
		<logger name="org.springframework" level="INFO" />
		<logger name="com.baomidou.mybatisplus" level="INFO" />
		<logger name="org.apache.ibatis.io" level="INFO" />

		<!-- 业务debug日志 -->
		<logger name="com.pussinboots.morning" level="DEBUG" />

		<Root level="debug">
			<AppenderRef ref="Console" />
		</Root>
	</Loggers>
</Configuration>